{
  "ENERGY_100G": {
    "MAX": 638.8889,
    "MIN": 14.00000
  },
  "FAT_100G": {
    "MAX": 68.00000,
    "MIN": 0.100000
  },
  "CARBOHYDRATES_100G": {
    "MAX": 87.10000,
    "MIN": 0.400000
  },
  "PROTEINS_100G": {
    "MAX": 76.00000,
    "MIN": 0.100000
  }
}