{
  "ENERGY_100G": {
    "MAX": 321.0000,
    "MIN": 18.00000
  },
  "FAT_100G": {
    "MAX": 29.40000,
    "MIN": 0.600000
  },
  "CARBOHYDRATES_100G": {
    "MAX": 35.58282,
    "MIN": 0.010000
  },
  "PROTEINS_100G": {
    "MAX": 28.20000,
    "MIN": 0.010000
  }
}