{
  "ENERGY_100G": {
    "MAX": 358.0000,
    "MIN": 74.0000
  },
  "FAT_100G": {
    "MAX": 21.000000,
    "MIN": 0.1000000
  },
  "CARBOHYDRATES_100G": {
    "MAX": 33.200000,
    "MIN": 0.500000
  },
  "PROTEINS_100G": {
    "MAX": 36.00000,
    "MIN": 3.57000
  }
}